/* ************************************************************************************* */
/* ----------------------------------- 01. ROLES --------------------------------------- */
/* ************************************************************************************* */

-- ------------------------------------------------------------------------------------- --
-- 01.01. Insertar Roles. -------------------------------------------------------------- --
-- ------------------------------------------------------------------------------------- --
INSERT INTO `roles` (`rol_code`, `rol_name`) VALUES
(1, 'admin'),
(2, 'profesor'),
(3, 'estudiante'),
(4, 'acudiente');

SELECT * FROM ROLES;

-- ------------------------------------------------------------------------------------- --
-- 01.02. Actualizar Roles. ------------------------------------------------------------ --
-- ------------------------------------------------------------------------------------- --
UPDATE ROLES SET 
rol_name = 'profesor'
WHERE rol_code = 2;

-- ------------------------------------------------------------------------------------- --
-- 01.03. Eliminar Roles. -------------------------------------------------------------- --
-- ------------------------------------------------------------------------------------- --
DELETE FROM ROLES
WHERE rol_code = '1';

-- ------------------------------------------------------------------------------------- --
-- 01.04. Consultar Roles. ------------------------------------------------------------- --
-- ------------------------------------------------------------------------------------- --

-- 01.04.01. Consulta ---


-- 01.04.02. Consulta ---

/* ************************************************************************************* */
/* ---------------------------------- 02. USUARIOS ------------------------------------- */
/* ************************************************************************************* */

-- ------------------------------------------------------------------------------------- --
-- 02.01. Insertar Usuarios. ----------------------------------------------------------- --
-- ------------------------------------------------------------------------------------- --

-- 02.01.01. Insertar Usuarios
INSERT INTO `users` VALUES
(1, 14785, 'Efren', 'efren@colegio.edu.co', '8cb2237d0679ca88db6464eac60da96345513964', 1),
(2, 65465, 'Julian', 'julian@colegio.edu.co', '8cb2237d0679ca88db6464eac60da96345513964', 1),
(3, 54564, 'Pepito', 'pepito@colegio.edu.co', '8cb2237d0679ca88db6464eac60da96345513964', 1),
(3, 87897, 'Marinita', 'marinita@colegio.edu.co', '8cb2237d0679ca88db6464eac60da96345513964', 1),
(3, 45648, 'Josefito', 'josefito@colegio.edu.co', '8cb2237d0679ca88db6464eac60da96345513964', 1),
(4, 78972, 'Pedro', 'marinita@colegio.edu.co', '8cb2237d0679ca88db6464eac60da96345513964', 1),
(4, 96325, 'Carlos', 'marinita@colegio.edu.co', '8cb2237d0679ca88db6464eac60da96345513964', 1);

SELECT * FROM USERS;

-- 02.01.02. Insertar Profesores.
INSERT INTO `profesores` VALUES
(65465);

SELECT * FROM PROFESORES;

-- 02.01.03. Insertar Estudiantes.
INSERT INTO `estudiantes` VALUES
(54564, '6', 'diurna'),
(87897, '7', 'noche'),
(45648, '8', 'diurno');

SELECT * FROM ESTUDIANTES;

-- 02.01.04. Insertar Acudientes.
INSERT INTO `acudientes` VALUES
(78972),
(96325);

SELECT * FROM ACUDIENTES;

-- 02.01.05. Insertar Actudientes_Estudiantes.
INSERT INTO `acudientes_estudiante` VALUES
(78972, 54564),
(78972, 87897),
(96325, 45648);

SELECT * FROM ACUDIENTES_ESTUDIANTE;

-- ------------------------------------------------------------------------------------- --
-- 02.02. Actualizar Usuarios. --------------------------------------------------------- --
-- ------------------------------------------------------------------------------------- --
UPDATE USERS SET 
user_name = 'Efren'
WHERE user_id = '1';

-- ------------------------------------------------------------------------------------- --
-- 02.03. Eliminar Usuarios. ---------------------------------------------------------- --
-- ------------------------------------------------------------------------------------- --
DELETE FROM USERS
WHERE user_id = '1';

-- ------------------------------------------------------------------------------------- --
-- 02.04. Consultar Usuarios. ---------------------------------------------------------- --
-- ------------------------------------------------------------------------------------- --

-- 02.04.01. Consulta ---


-- 02.04.02. Consulta ---


/* ************************************************************************************* */
/* --------------------------------- 03. ASISTENCIA ------------------------------------ */
/* ************************************************************************************* */

-- ------------------------------------------------------------------------------------- --
-- 03.01. Insertar Asistencia. --------------------------------------------------------- --
-- ------------------------------------------------------------------------------------- --

-- 03.01.01. Insertar Estado.
INSERT INTO `estado` VALUES
(1,"si asiste"),
(2,"no asiste"),
(3,"llegada tarde");

SELECT * FROM ESTADO;

-- 03.01.02. Insertar Inasistencia de Estudiantes.
INSERT INTO `asistencia`(`estudiante_id`, `estado_id`, `asistencia_fecha`) VALUES
(54564, 2, "2024-06-06");

SELECT * FROM ASISTENCIA;

-- 03.01.03. Insertar Asistencia Estudiantes que asisten a tiempo y llegan tarde
INSERT INTO `asistencia` VALUES
(87897, 1, "2024-06-06", "12:30"),
(45648, 3, "2024-06-06", "12:50");

SELECT * FROM ASISTENCIA;

-- ------------------------------------------------------------------------------------- --
-- 03.02. Actualizar Asistencia. ------------------------------------------------------- --
-- ------------------------------------------------------------------------------------- --
UPDATE ASISTENCIA SET 
estado_id = 2
WHERE estudiante_id = 87897;

-- ------------------------------------------------------------------------------------- --
-- 03.03. Eliminar Asistencia. --------------------------------------------------------- --
-- ------------------------------------------------------------------------------------- --
DELETE FROM ASISTENCIA
WHERE estudiante_id = 87897;

-- ------------------------------------------------------------------------------------- --
-- 03.04. Consultar Asistencias -------------------------------------------------------- --
-- ------------------------------------------------------------------------------------- --

-- 03.04.01. Consulta ---


-- 03.04.02. Consulta ---

/* ************************************************************************************* */
/* ------------------------------- 04. JUSTIFICACIÓN ----------------------------------- */
/* ************************************************************************************* */

-- ------------------------------------------------------------------------------------- --
-- 04.01. Insertar Justificación. ------------------------------------------------------ --
-- ------------------------------------------------------------------------------------- --
INSERT INTO `justificaciones` VALUES
(65465, 54564, 78972, 1, "Cita Médica", 1),
(65465, 45648, 96325, 2, NULL, 0);

